{
	"extension.description": "Chrome 브라우저 또는 Chrome 디버거 프로토콜을 지원하는 다른 대상에서 JavaScript 코드를 디버그합니다.",
	"chrome.toggleSkipping.title": "Chrome: 이 파일 건너뛰기 토글",
	"chrome.toggleSmartStep.title": "Chrome: 스마트 단계 토글",
	"chrome.port.description": "Chrome 원격 디버깅에 사용할 포트입니다.",
	"chrome.address.description": "디버그 포트의 TCP/IP 주소",
	"chrome.file.description": "브라우저에서 열 로컬 html 파일",
	"chrome.url.description": "이 정확한 URL이 있는 탭을 검색하고 해당 탭이 있는 경우 탭에 연결합니다.",
	"chrome.webRoot.description": "웹 서버 루트의 작업 영역 절대 경로를 지정합니다. 디스크의 파일에 대한 '/app.js' 같은 경로를 확인하는 데 사용됩니다. \"/\"의 pathMapping에 대한 축약형입니다.",
	"chrome.pathMapping.description": "Chrome에서 스크립트를 확인하기 위해 로컬 폴더의 URL/경로를 디스크의 스크립트에 매핑",
	"chrome.runtimeExecutable.description": "사용할 런타임 실행 파일의 작업 영역 절대 경로입니다. 지정하지 않으면 기본 설치 위치에서 Chrome이 사용됩니다.",
	"chrome.runtimeArgs.description": "런타임 실행 파일에 전달되는 선택적 인수입니다.",
	"chrome.env.description": "환경 키/값 쌍의 선택적 사전입니다.",
	"chrome.cwd.description": "런타임 실행 파일의 선택적 작업 디렉터리입니다.",
	"chrome.sourceMaps.description": "JavaScript 소스 맵을 사용합니다(있는 경우).",
	"chrome.diagnosticLogging.description": "true인 경우 어댑터가 자체 진단 정보를 사람이 읽을 수 있는 형식으로 콘솔에 로그합니다.",
	"chrome.verboseDiagnosticLogging.description": "true인 경우 어댑터가 'diagnosticLogging'에 의해 로그된 정보뿐만 아니라 클라이언트와 대상이 있는 모든 트래픽을 로그합니다.",
	"chrome.trace.description": "'true'인 경우 디버거가 추적 정보를 파일에 로그합니다. 'verbose'인 경우 로그를 콘솔에도 표시합니다.",
	"chrome.userDataDir.description": "기본적으로 Chrome은 임시 폴더에 있는 별도의 사용자 프로필로 시작됩니다. 재정의하려면 이 옵션을 사용하세요. 기본 사용자 프로필로 시작하려면 false로 설정하세요.",
	"chrome.sourceMapPathOverrides.description": "sourcemap의 위치에서 디스크의 위치로 소스 파일의 위치를 다시 작성하기 위한 매핑 세트입니다. 자세한 내용은 추가 정보를 참조하세요.",
	"chrome.smartStep.description": "소스 매핑된 파일의 매핑되지 않은 줄을 자동으로 단계별로 실행합니다. 이러한 줄의 예로는 async/await 또는 기타 기능을 다운 컴파일하는 경우 TypeScript에서 자동으로 생성하는 코드가 있습니다.",
	"chrome.skipFiles.description": "디버그할 때 건너뛸 파일 또는 폴더 이름이나 경로 GLOB의 배열입니다.",
	"chrome.timeout.description": "이 시간(밀리초) 동안 Chrome에 연결을 다시 시도합니다. 기본값은 10,000ms입니다.",
	"chrome.disableNetworkCache.description": "각 요청에 대한 네트워크 캐시를 건너뛸지 여부를 제어합니다.",
	"chrome.urlFilter.description": "이 URL로 페이지를 검색하고 해당 페이지가 있는 경우 페이지에 연결합니다. * 와일드카드를 사용할 수 있습니다.",
	"chrome.targetTypes.description": "허용되는 대상 유형의 배열입니다. 기본값은 '[\"page\"]'입니다.",
	"chrome.showAsyncStacks.description": "현재 호출 스택을 생성하는 비동기 호출을 표시합니다.",
	"chrome.breakOnLoad.description": "실험적 기능 - true인 경우 디버그 어댑터가 스크립트 시작 부분에 있는 중단점에 적중할 수 있도록 로드되기 전에 해당 스크립트에 중단점을 설정하려고 합니다. 이 기능을 사용하면 성능에 영향을 줍니다.",
	"chrome.breakOnLoadStrategy.description": "breakOnLoad에 사용할 전략입니다.",
	"chrome.breakOnLoadStrategy.instrument.description": "각 스크립트가 로드되면 Chrome에서 일시 중지한 후 sourcemap을 확인하고 중단점을 설정하도록 알려줍니다.",
	"chrome.breakOnLoadStrategy.regex.description": "중단점이 설정된 파일과 이름이 같은 파일에서 중단점을 최적으로 설정합니다.",
	"debug.chrome.useV3.description": "Controls whether to delegate \"chrome\"-type launch configs to the js-debug extension.",
	"debug.chrome.useV3.deprecated": "This setting is deprecated - please use `debug.javascript.usePreview` instead"
}